date,ticker,scores,mentions,openprice_adj,closeprice_adj,dailyHigh,dailyLow,volume
09/04/21,AMD,8,2,82.8,82.76,83.59,82.16,32331641
09/04/21,INTC,8,2,66.8,68.26,68.4,66.64,25505437
09/04/21,RTX,4,1,78.54,78.29,78.88,77.65,5313210
09/04/21,XT,4,1,61.04,61.32,61.33,60.95,144136
09/04/21,EXP,4,1,137.8,138.78,139.16,136.92,238043
09/04/21,AMC,6,1,9.6,9.42,9.74,9.24,28232038
09/04/21,ASO,6,1,30.98,30.84,32.0,29.34,5528829
09/04/21,RIOT,6,1,50.48,49.63,51.6,47.77,13535522
09/04/21,HUGE,123,4,1.93,1.94,1.95,1.9,544359
09/04/21,RSI,246,2,15.53,15.4,15.62,15.14,552471
09/04/21,ITM,240,3,51.48,51.41,51.46,51.37,54336
09/04/21,GME,60994,17,169.7,158.36,171.58,153.0,9322750
09/04/21,FUBO,777,5,22.16,23.31,25.35,21.38,104680771
09/04/21,ON,13,1,42.47,42.96,42.99,42.35,3233982
09/04/21,AM,13,1,8.89,8.53,8.89,8.48,4857324
09/04/21,AXON,13,1,149.6,149.42,150.53,145.5,441300
09/04/21,PLTR,1099,6,23.46,24.04,24.35,23.38,51855209
09/04/21,SPY,614,5,408.39,411.49,411.67,408.26,55386257
09/04/21,UWMC,15,1,7.82,7.71,7.86,7.71,2506881
09/04/21,KHC,46,4,40.85,40.14,41.1,39.9,5210161
09/04/21,AI,0,1,62.07,61.03,62.3,60.06,4282940
09/04/21,USD,263,3,131.81,133.33,133.37,130.48,22649
09/04/21,UBS,15,1,16.08,16.2,16.2,16.08,1225060
09/04/21,T,9,1,30.05,30.04,30.19,29.91,30628316
09/04/21,MAX,9,1,36.17,36.26,36.89,35.59,117661
09/04/21,OI,213,2,14.33,14.68,14.71,14.24,669358
09/04/21,WD,5,1,106.71,106.61,106.87,105.42,75659
09/04/21,WDFC,10,2,285.21,280.07,289.4,260.1,985363
09/04/21,SPCE,13,1,28.9,29.28,29.42,28.79,3517455
09/04/21,NEE,196,2,77.9,77.94,78.18,77.62,4856177
09/04/21,CLNE,98,1,12.99,12.29,13.0,12.22,3653716
09/04/21,ICLN,98,1,23.21,23.47,23.5,23.16,4531262
09/04/21,PLUG,98,1,32.2,32.3,33.06,31.68,19686685
09/04/21,AAPL,154,2,129.8,132.99,133.0,129.47,101979450
09/04/21,BY,98,1,21.73,21.73,21.79,21.48,64813
09/04/21,JPM,98,1,155.81,156.28,157.04,154.97,11657007
09/04/21,ATH,302,2,50.15,50.45,50.51,49.74,1185334
09/04/21,ARE,98,1,169.57,168.4,169.74,167.94,888138
09/04/21,DASH,98,1,126.3,140.5,141.0,122.06,6484025
09/04/21,NOK,0,1,4.08,4.13,4.15,4.07,44861207
09/04/21,CRM,14,1,224.33,231.28,231.29,223.63,7120421
09/04/21,CPNG,10,1,45.36,45.85,46.5,44.92,3915760
09/04/21,IPO,2197,3,64.27,64.34,64.33,63.56,158387
09/04/21,SE,44,3,253.03,250.93,253.32,248.66,2361147
09/04/21,RKT,261,3,22.57,22.75,22.88,22.36,4499649
09/04/21,ULTA,18,2,321.28,322.22,322.72,318.8,650131
09/04/21,FXY,9,1,85.85,85.97,86.01,85.82,612448
09/04/21,OR,9,1,11.9,12.12,12.17,11.78,594627
09/04/21,CC,703,1,27.42,27.85,27.85,27.22,1141574
09/04/21,SQ,34,3,255.89,261.65,265.28,253.7,14474118
09/04/21,HYFM,28,1,57.78,60.71,61.25,57.27,583417
09/04/21,CEA,28,1,23.67,23.86,23.86,23.6,5977
09/04/21,SMG,28,1,250.24,248.99,252.4,247.74,318162
09/04/21,GRWG,28,1,54.31,54.02,54.87,51.75,1837148
09/04/21,PT,28,1,1.35,1.22,1.35,1.22,417681
09/04/21,JP,28,2,2.25,2.22,2.35,2.24,58442
09/04/21,GOEV,408,2,10.02,9.77,10.18,9.54,3954793
09/04/21,IP,234,2,55.09,54.94,55.32,54.3,1314467
09/04/21,CFO,204,1,68.66,68.87,68.87,68.43,14018
09/04/21,SP,204,1,32.41,32.26,32.52,32.03,40403
09/04/21,SI,204,1,156.8,163.2,163.63,152.75,1174712
09/04/21,BL,204,1,113.0,112.88,113.28,109.66,272614
09/04/21,TTCF,7,1,19.23,19.19,19.37,18.93,1279125
09/04/21,SLV,0,1,23.29,23.41,23.49,23.25,15656211
09/04/21,SO,0,1,62.97,62.73,63.14,62.68,1898776
09/04/21,PSLV,0,1,8.93,9.02,9.06,8.93,3053603
09/04/21,III,0,1,4.39,4.32,4.39,4.3,162771
09/04/21,REAL,0,1,22.97,23.79,23.84,22.77,1174251
09/04/21,AG,0,1,17.06,17.34,17.5,16.85,2969580
09/04/21,MA,230,1,376.08,380.08,380.35,374.44,2365885
09/04/21,QQQ,230,1,333.68,337.11,337.32,332.92,33977729
09/04/21,TA,230,1,27.74,27.8,27.82,27.0,52764
09/04/21,USA,42,2,7.85,7.92,7.92,7.85,782081
09/04/21,NWS,12,1,24.68,24.63,24.73,24.35,291042
09/04/21,APA,12,1,17.56,17.26,17.68,17.14,5919508
09/04/21,MC,12,1,54.5,54.19,54.95,52.9,360422
09/04/21,ONE,505,1,2.49,2.5,2.49,2.38,118514
09/04/21,FOR,505,1,24.45,24.72,24.78,24.39,82812
09/04/21,CRWD,26,1,201.44,202.68,204.24,194.31,4476132
09/04/21,NNOX,30,1,40.03,39.28,40.8,38.72,2225824
09/04/21,UK,30,1,2.94,2.67,2.94,2.5,333166
09/04/21,ARC,30,1,2.27,2.25,2.27,2.23,71081
09/04/21,IT,215,1,186.76,188.19,188.24,185.99,843091
